<?xml version="1.0" encoding="utf-8" ?><dwsync><file name="donorVoice.jpg" server="www2.humboldt.edu/humalum/public_html/" local="3548265705" remote="3548265753" Dst="-1" /><file name="index.html" server="www2.humboldt.edu/humalum/public_html/" local="3548265875" remote="3548265883" Dst="-1" /><file name="answer.png" server="www2.humboldt.edu/humalum/public_html/" local="3548248523" remote="3548248656" Dst="-1" /><file name="facebook.png" server="www2.humboldt.edu/humalum/public_html/" local="3548248524" remote="3548248656" Dst="-1" /><file name="fbminibanner.png" server="www2.humboldt.edu/humalum/public_html/" local="3548248524" remote="3548248656" Dst="-1" /><file name="flickr.png" server="www2.humboldt.edu/humalum/public_html/" local="3548248524" remote="3548248656" Dst="-1" /><file name="footer-tail.jpg" server="www2.humboldt.edu/humalum/public_html/" local="3548248524" remote="3548248656" Dst="-1" /><file name="header-date.jpg" server="www2.humboldt.edu/humalum/public_html/" local="3548249939" remote="3548256675" Dst="-1" /><file name="hsu_wordmark.gif" server="www2.humboldt.edu/humalum/public_html/" local="3548248524" remote="3548248657" Dst="-1" /><file name="instagram.png" server="www2.humboldt.edu/humalum/public_html/" local="3548248525" remote="3548248657" Dst="-1" /><file name="jarad.jpg" server="www2.humboldt.edu/humalum/public_html/" local="3548248525" remote="3548248657" Dst="-1" /><file name="loyalty-logo.png" server="www2.humboldt.edu/humalum/public_html/" local="3548248525" remote="3548248657" Dst="-1" /><file name="twitter.png" server="www2.humboldt.edu/humalum/public_html/" local="3548248525" remote="3548248657" Dst="-1" /><file name="vanessa.jpg" server="www2.humboldt.edu/humalum/public_html/" local="3548248525" remote="3548248657" Dst="-1" /><file name="youtube.png" server="www2.humboldt.edu/humalum/public_html/" local="3548248525" remote="3548248657" Dst="-1" /><file name=".DS_Store" server="www2.humboldt.edu/humalum/public_html/" local="3548248523" remote="3548248656" Dst="-1" /><file name="commencement-collage.jpg" server="www2.humboldt.edu/humalum/public_html/" local="3548250815" remote="3548250829" Dst="-1" /><file name="crabs-game.jpg" server="www2.humboldt.edu/humalum/public_html/" local="3548251321" remote="3548251335" Dst="-1" /><file name="softball.jpg" server="www2.humboldt.edu/humalum/public_html/" local="3548252063" remote="3548252132" Dst="-1" /><file name="stephanie.jpg" server="www2.humboldt.edu/humalum/public_html/" local="3548254243" remote="3548254414" Dst="-1" /><file name="pizza-party.jpg" server="www2.humboldt.edu/humalum/public_html/" local="3548255246" remote="3548255276" Dst="-1" /><file name="inrsep-logo.png" server="www2.humboldt.edu/humalum/public_html/" local="3548255911" remote="3548255959" Dst="-1" /></dwsync>